{"cameraMode":{"drawMode":0,"name":"Shaded","section":"Shading Mode"},"sceneLighting":false,"audioPlay":false,"sceneViewState":{"m_AlwaysRefresh":false,"showFog":true,"showSkybox":false,"showFlares":true,"showImageEffects":true,"showParticleSystems":true,"showVisualEffectGraphs":true,"m_FxEnabled":true},"in2DMode":false,"pivot":{"x":4.977240562438965,"y":-0.6550637483596802,"z":0.11276090145111084},"rotation":{"x":0.005473340395838022,"y":0.0302182175219059,"z":0.00024488402414135635,"w":-0.9996604323387146},"size":3.628012180328369,"orthographic":false}