{"cameraMode":{"drawMode":0,"name":"Shaded","section":"Shading Mode"},"sceneLighting":false,"audioPlay":false,"sceneViewState":{"m_AlwaysRefresh":false,"showFog":true,"showSkybox":false,"showFlares":true,"showImageEffects":true,"showParticleSystems":true,"showVisualEffectGraphs":true,"m_FxEnabled":true},"in2DMode":false,"pivot":{"x":0.04374504089355469,"y":1.2499990463256837,"z":0.5000003576278687},"rotation":{"x":-0.10621875524520874,"y":-0.020059388130903245,"z":0.0022620740346610548,"w":-0.9943479299545288},"size":10.489376068115235,"orthographic":false}