{"cameraMode":{"drawMode":0,"name":"Shaded","section":"Shading Mode"},"sceneLighting":false,"audioPlay":false,"sceneViewState":{"m_AlwaysRefresh":false,"showFog":true,"showSkybox":false,"showFlares":true,"showImageEffects":true,"showParticleSystems":true,"showVisualEffectGraphs":true,"m_FxEnabled":true},"in2DMode":false,"pivot":{"x":2.101597547531128,"y":-2.5712673664093019,"z":-1.6958178281784058},"rotation":{"x":0.16723304986953736,"y":0.05587304010987282,"z":0.00946430116891861,"w":-0.9843146204948425},"size":2.1751158237457277,"orthographic":false}