{"cameraMode":{"drawMode":0,"name":"Shaded","section":"Shading Mode"},"sceneLighting":true,"audioPlay":false,"sceneViewState":{"m_AlwaysRefresh":false,"showFog":true,"showSkybox":true,"showFlares":true,"showImageEffects":true,"showParticleSystems":true,"showVisualEffectGraphs":true,"m_FxEnabled":true},"in2DMode":false,"pivot":{"x":-1.5134985446929932,"y":-0.46007418632507326,"z":0.2729136347770691},"rotation":{"x":0.0175214521586895,"y":-0.2329445630311966,"z":0.003791738534346223,"w":0.972371518611908},"size":3.2832038402557375,"orthographic":false}