{"cameraMode":{"drawMode":0,"name":"Shaded","section":"Shading Mode"},"sceneLighting":true,"audioPlay":false,"sceneViewState":{"m_AlwaysRefresh":false,"showFog":true,"showSkybox":true,"showFlares":true,"showImageEffects":true,"showParticleSystems":true,"showVisualEffectGraphs":true,"m_FxEnabled":true},"in2DMode":false,"pivot":{"x":5.613489151000977,"y":-1.0082571506500245,"z":6.817989349365234},"rotation":{"x":-0.0017164137680083514,"y":-0.10729843378067017,"z":0.00015019690908957273,"w":-0.9943718314170837},"size":9.400012016296387,"orthographic":false}