{"cameraMode":{"drawMode":0,"name":"Shaded","section":"Shading Mode"},"sceneLighting":true,"audioPlay":false,"sceneViewState":{"m_AlwaysRefresh":false,"showFog":true,"showSkybox":false,"showFlares":true,"showImageEffects":true,"showParticleSystems":true,"showVisualEffectGraphs":true,"m_FxEnabled":true},"in2DMode":false,"pivot":{"x":0.3502577245235443,"y":-0.6292276978492737,"z":0.0932776927947998},"rotation":{"x":0.1641470044851303,"y":0.021328462287783624,"z":-0.003858789335936308,"w":0.9862929582595825},"size":5.977988243103027,"orthographic":false}