{"cameraMode":{"drawMode":0,"name":"Shaded","section":"Shading Mode"},"sceneLighting":true,"audioPlay":false,"sceneViewState":{"m_AlwaysRefresh":false,"showFog":true,"showSkybox":false,"showFlares":true,"showImageEffects":true,"showParticleSystems":true,"showVisualEffectGraphs":true,"m_FxEnabled":true},"in2DMode":false,"pivot":{"x":3.5059845447540285,"y":-0.2880316972732544,"z":0.07388710975646973},"rotation":{"x":0.008923768997192383,"y":-0.0008301545749418438,"z":-0.0002843724796548486,"w":1.0000500679016114},"size":4.777987480163574,"orthographic":false}