{"cameraMode":{"drawMode":0,"name":"Shaded","section":"Shading Mode"},"sceneLighting":true,"audioPlay":false,"sceneViewState":{"m_AlwaysRefresh":false,"showFog":true,"showSkybox":false,"showFlares":true,"showImageEffects":true,"showParticleSystems":true,"showVisualEffectGraphs":true,"m_FxEnabled":true},"in2DMode":false,"pivot":{"x":5.811346530914307,"y":-1.6192017793655396,"z":1.3891780376434327},"rotation":{"x":0.030790211632847787,"y":0.040243059396743777,"z":-0.0013965044636279345,"w":0.9988411664962769},"size":6.396341323852539,"orthographic":false}