{"cameraMode":{"drawMode":0,"name":"Shaded","section":"Shading Mode"},"sceneLighting":true,"audioPlay":false,"sceneViewState":{"m_AlwaysRefresh":false,"showFog":true,"showSkybox":false,"showFlares":true,"showImageEffects":true,"showParticleSystems":true,"showVisualEffectGraphs":true,"m_FxEnabled":true},"in2DMode":false,"pivot":{"x":2.3732733726501467,"y":-1.153513789176941,"z":1.6954874992370606},"rotation":{"x":-0.05147827789187431,"y":-0.08103199303150177,"z":-0.004345008637756109,"w":0.9954990744590759},"size":3.6963400840759279,"orthographic":false}